key,lemma,underlying,pos,gloss,notes
a_alittle,wa,/wa/,adjective,a little,
a_alive,wi,/wi/,adjective,alive,
a_alot,bie,/bje/,adjective,alot,
a_bad,ngap,/ŋap/,adjective,bad,
a_beautiful,ngoro,/ŋoɾo/,adjective,beautiful,
a_big,mwu,/mwu/,adjective,big,
a_black,po,/po/,adjective,black,
a_blue,nu,/nu/,adjective,blue,
a_boring,nikha,/nixa/,adjective,boring,
a_bright,ya,/ja/,adjective,bright,
a_cold,to,/to/,adjective,cold,
a_cool,khui,/xwi/,adjective,cool,
a_dark,go,/ɡo/,adjective,dark,
a_dead,khwu,/xwu/,adjective,dead,
a_delicious,ngwuhol,/ŋwuhol/,adjective,delicious,
a_dim,gkok,/qok/,adjective,dim,
a_fast,tsi,/t͡si/,adjective,fast,
a_few,muik,/mwik/,adjective,few,
a_good,tsin,/t͡sin/,adjective,good,
a_green,gung,/ɡuŋ/,adjective,green,
a_grey,ro,/ɾo/,adjective,grey,
a_heavy,mo,/mo/,adjective,heavy,
a_high,ging,/ɡiŋ/,,high,
a_hot,gko,/qo/,adjective,hot,
a_interesting,kumiu,/kumju/,adjective,interesting,
a_light,pyil,/pjil/,adjective,light,
a_like,pyil,/pjil/,adjective,like,
a_long,puo,/pwo/,adjective,long,
a_low,wit,/wit/,,,
a_many,tsua,/t͡swa/,adjective,many,
a_narrow,nwu,/nwu/,adjective,narrow,
a_new,mio,/mjo/,adjective,new,
a_notlong,gi,/ɡi/,adjective,notlong,
a_nottall,ru,/ɾu/,adjective,nottall,
a_old,khuepue,/xwepwe/,adjective,old,
a_old_age,dinyo,/dinjo/,adjective,old age,
a_orange,he,/he/,adjective,orange,
a_pink,tso,/t͡so/,adjective,pink,
a_pretty,nopkui,/nopkwi/,adjective,pretty,
a_purple,dia,/dja/,adjective,purple,
a_red,gue,/ɡwe/,adjective,red,
a_slow,gem,/ɡem/,adjective,slow,
a_small,nguik,/ŋwik/,adjective,small,
a_strong,ro,/ɾo/,adjective,strong,
a_tall,kui,/kwi/,adjective,tall,
a_tasteless,rungge,/ɾuŋe/,adjective,tasteless,
a_thick,bi,/bi/,adjective,thick,
a_thin,hua,/hwa/,adjective,thin,
a_ugly,bangges,/baŋes/,adjective,ugly,
a_warm,tsuo,/t͡swo/,adjective,warm,
a_weak,sie,/sje/,adjective,weak,
a_white,ku,/ku/,adjective,white,
a_wide,yu,/ju/,adjective,wide,
a_yellow,buo,/bwo/,adjective,yellow,
a_young,himia,/himja/,adjective,young,
adv_final,minya,/minja/,adverb,final,
adv_first,wolu,/wolu/,adverb,first,
adv_following,songgi,/soŋi/,adverb,following,
adv_last,duekkal,/dwekhal/,adverb,last,
adv_later,yentui,/jentwi/,adverb,later,
adv_more,ra,/ɾa/,,,
adv_next,hokhi,/hoxi/,adverb,next,
adv_previous,mopui,/mopwi/,adverb,previous,
adv_right,tsok,/t͡sok/,adverb,right (immediately),
d_any,kut,/kut/,quantifier,any,
d_dst,tsu,/t͡su/,demonstrative,that (distal),
d_each,nos,/nos/,quantifier,each,
d_every,dong,/doŋ/,quantifier,every,
d_med,nge,/ŋe/,demonstrative,that (medial),
d_no,tsek,/t͡sek/,quantifier,none,
d_prx,tse,/t͡se/,demonstrative,this (proximal),
d_some,guk,/ɡuk/,quantifier,some,
e_dir,t,/t/,evidential,direct evidential,
e_epi,li,/li/,evidential,epistemic evidential,
e_ind,n,/n/,evidential,indirect evidential,
e_mir,wam,/wam/,evidential,mirative,
e_rel,ng,/ŋ/,evidential,relativizer,
f_com,se,/se/,force marker,commissive,
f_imp,la,/la/,force marker,imperative,
f_int,ke,/ke/,force marker,interrogative,
g_ability,ye,/je/,noun,can (ability),
g_command,tsang,,,command,
g_desire,ti,/ti/,noun,want (desire),
g_direction,puk,/puk/,noun,direction,
g_language,nik,/nik/,,,
g_necessity,ri,/ɾi/,noun,must (necessity),
g_obligation,ru,/ɾu/,noun,should (obligation),
g_permission,gko,/qo/,noun,may (permission),
g_potential,di,/di/,noun,might (potential),
g_question,mo,/mo/,noun,question (particle),
g_recommendation,pi,/pi/,noun,ought (recommendation),
g_time,ga,/ɡa/,,,
n_0,dang,/daŋ/,noun,0,
n_1,me,/me/,noun,1,
n_10,wit,/wit/,noun,10,
n_10-gon,wittsin,/witt͡sin/,noun,10-gon,
n_100,yu,/ju/,noun,100,
n_1000,tsip,/t͡sip/,noun,1000,
n_11-gon,mewittsin,/mewitt͡sin/,noun,11-gon,
n_12-gon,rawittsin,/ɾawitt͡sin/,noun,12-gon,
n_1pl,lu,/lu/,noun,1PL,
n_1sg,po,/po/,noun,1SG,
n_2,ra,/ɾa/,noun,2,
n_2pl,tso,/t͡so/,noun,2PL,
n_2sg,ta,/ta/,noun,2SG,
n_3,hap,/hap/,noun,3,
n_3pl,pa,/pa/,noun,3PL,
n_3sg,so,/so/,noun,3SG,
n_4,mol,/mol/,noun,4,
n_5,tsim,/t͡sim/,noun,5,
n_6,sum,/sum/,noun,6,
n_7,nul,/nul/,noun,7,
n_8,ngat,/ŋat/,noun,8,
n_9,bes,/bes/,noun,nine,
n_9-gon,bestsin,/best͡sin/,noun,nonagon,
n_ability,kieskom,/kjeskom/,noun,ability,
n_above,dul,/dul/,noun,above,
n_accomplishment,gugias,/ɡuɡjas/,noun,accomplishment,
n_achievement,suotua,/swotwa/,noun,achievement,
n_acting,rotibiek,/ɾotibjek/,noun,acting,
n_action,bit,/bit/,noun,action,
n_activity,dakias,/dakjas/,noun,activity,
n_actor,rotibiektui,/ɾotibjektwi/,noun,actor,
n_afternoon,kiesui,/kjeswi/,noun,afternoon,
n_air,tsa,/t͡sa/,noun,air,
n_airplane,dekwu,/dekwu/,noun,airplane,/kw/V becomes <gw>
n_angry,tuidying,/twidjiŋ/,noun,angry,
n_animal,tsimuo,/t͡simwo/,noun,animal,
n_animal0,tu,/tu/,noun,animal0,
n_animal1,khe,/xe/,noun,animal1,
n_animal2,ngikyi,/ŋikji/,noun,animal2,
n_animal3,gko,/qo/,noun,animal3,
n_animal4,nui,/nwi/,noun,animal4,
n_animal5,ge,/ɡe/,noun,animal5,
n_animal6,de,/de/,noun,animal6,
n_animal7,khyitwu,/xjitwu/,noun,animal7,
n_ankle,royunwu,/ɾojunwu/,noun,ankle,
n_apartment,sumie,/sumje/,noun,apartment,
n_apologetic,yenus,/jenus/,noun,apologetic,
n_apology,tswuti,/t͡swuti/,noun,apology,
n_appearance,win,/win/,noun,appearance,
n_apple,tagup,/taɡup/,noun,apple,
n_april,moltua,/moltwa/,noun,april,
n_arm,mo,/mo/,noun,arm,
n_around,ngil,/ŋil/,noun,around,
n_art,tulisi,/tulisi/,noun,art,
n_artist,tulisitui,/tulisitwi/,noun,artist,
n_august,ngattua,/ŋattwa/,noun,august,
n_bag,bak,/bak/,noun,bag,
n_banana,tidi,/tidi/,noun,banana,
n_bank,huptaktsa,/huptakt͡sa/,noun,bank,
n_bar,dopuingge,/dopwiŋe/,noun,bar,
n_beach,gu,/ɡu/,noun,beach,
n_bed,tsimde,/t͡simde/,noun,bed,
n_beef,lepgkusdu,/lepqusdu/,noun,beef,
n_behind,yap,/jap/,noun,behind,
n_belief,mip,/mip/,noun,belief,
n_below,tis,/tis/,noun,below,
n_belt,littiek,/lithjek/,noun,belt,
n_beside,hik,/hik/,noun,beside,
n_bicycle,petuegi,/petweɡi/,noun,bicycle,
n_bird,hui,/hwi/,noun,bird,
n_bird_meat,huidu,/hwidu/,noun,bird meat,
n_boat,hu,/hu/,noun,boat,
n_body,khe,/xe/,noun,body,
n_book,syi,/sji/,noun,book,
n_bored,base,/base/,noun,bored,
n_box,wedop,/wedop/,noun,box,
n_bread,tsi,/t͡si/,noun,bread,
n_bridge,puisgibui,/pwisɡibwi/,noun,bridge,
n_building,sunneng,/sunneŋ/,noun,building,
n_bus,degal,/deɡal/,noun,bus,
n_butter,boto,/boto/,noun,butter,
n_cafe,kape,/kape/,noun,cafe,
n_calm,wiyi,/wiji/,noun,calm,
n_camera,khuahu,/xwahu/,noun,camera,
n_camp,yasgu,/jasɡu/,noun,camp,
n_canada,kanada,/kanada/,noun,canada,
n_car,tumkyil,/tumkjil/,noun,car,
n_carb0,nena,/nena/,noun,carb0,
n_carb1,khiu,/xju/,noun,carb1,
n_carb2,ken,/ken/,noun,carb2,
n_carb3,gap,/ɡap/,noun,carb3,
n_carb4,khungne,/xuŋne/,noun,carb4,
n_carb5,hi,/hi/,noun,carb5,
n_carb6,buhe,/buhe/,noun,carb6,
n_carb7,yakpo,/jakpo/,noun,carb7,
n_career,khakhemwu,/xaxemwu/,noun,career,
n_cat,mie,/mje/,noun,cat,
n_ceiling,nekhop,/nexop/,noun,ceiling,
n_cellphone,kottwu,/kothwu/,noun,cellphone,
n_centimetre,ro,/ɾo/,noun,centimetre,
n_centre,kiosngon,/kjosŋon/,noun,centre,
n_century,yunggit,/juŋit/,noun,century,
n_chair,rahiu,/ɾahju/,noun,chair,
n_chicken,khu,/xu/,noun,chicken,
n_chicken_meat,khudu,/xudu/,noun,chicken meat,
n_china,tsongguk,/t͡soŋɡuk/,noun,china,
n_circle,ro,/ɾo/,noun,circle,
n_city,khua,/xwa/,noun,city,
n_clay,pwumki,/pwumki/,noun,clay,
n_clock,tuimyima,/twimjima/,noun,clock,
n_clothing,si,/si/,noun,clothing,
n_cloud,piseng,/piseŋ/,noun,cloud,
n_coat,katuanuil,/katwanwil/,noun,coat,
n_coffee,kohi,/kohi/,noun,coffee,
n_cold,tuwong,/tuwoŋ/,noun,cold,
n_college,nedotsuan,/nedot͡swan/,noun,college,
n_comfort,gonpyi,/ɡonpji/,noun,comfort,
n_common,rukhe,/ɾuxe/,noun,common,
n_community,ka,/ka/,noun,community,
n_computer,hanluto,/hanluto/,noun,computer,
n_computer_program,nubiakhyin,/nubjaxjin/,noun,computer program,
n_condo,ngekhi,/ŋexi/,noun,condo,
n_copper,puekhogue,/pwexoɡwe/,noun,copper,
n_corner,gie,/ɡje/,noun,corner,
n_corridor,kuawi,/kwawi/,noun,corridor,
n_cost,langui,/laŋ.wi/,noun,cost,
n_court,ngoso,/ŋoso/,noun,court,
n_cow,lepgkus,/lepqus/,noun,cow,
n_danger,bappiu,/baphju/,noun,danger,
n_dark,letie,/letje/,noun,dark,
n_date,nuenu,/nwenu/,noun,date,
n_day,siu,/sju/,noun,day,
n_daytime,towa,/towa/,noun,daytime,
n_decade,witngit,/witŋit/,noun,decade,
n_december,rawittua,/ɾawittwa/,noun,december,
n_delicacy0,mepuska,/mepuska/,noun,delicacy0,
n_delicacy1,mieremui,/mjeɾemwi/,noun,delicacy1,
n_delicacy2,sedyisias,/sedjisjas/,noun,delicacy2,
n_delicacy3,minggilung,/miŋiluŋ/,noun,delicacy3,
n_desire,buogiu,/bwoɡju/,noun,desire,
n_desk,ngopa,/ŋopa/,noun,desk,
n_diamond,weguoyek,/weɡwojek/,noun,diamond,
n_digit,komui,/komwi/,noun,digit,
n_dimension,khari,/xaɾi/,noun,dimension,
n_direction,khyipuk,/xjipuk/,noun,direction,
n_dish0,nuelin,/nwelin/,noun,dish0,
n_dish1,kemwunan,/kemwunan/,noun,dish1,
n_dish2,miehim,/mjehim/,noun,dish2,
n_dish3,mesgkogi,/mesqoɡi/,noun,dish3,
n_dish4,wumabes,/wumabes/,noun,dish4,
n_dish5,mopepon,/mopepon/,noun,dish5,
n_dish6,hionat,/hjonat/,noun,dish6,
n_dish7,niutse,/njut͡se/,noun,dish7,
n_doctor,huosua,/hwoswa/,noun,doctor,
n_dog,me,/me/,noun,dog,
n_dot,tsa,/t͡sa/,noun,dot,
n_down,khok,/xok/,noun,down,
n_dress,mukne,/mukne/,noun,dress,
n_driving,bappiu,/baphju/,noun,driving,
n_durian,ba,/ba/,noun,durian,
n_dust,tideng,/tideŋ/,noun,dust,
n_east,ta,/ta/,noun,east,
n_edge,heng,/heŋ/,noun,edge,
n_elbow,moyunwu,/mojunwu/,noun,elbow,
n_embarrass,tsesgo,/t͡sesɡo/,,,
n_end,got,/ɡot/,,,
n_england,yinglan,/jiŋlan/,noun,england,
n_evening,lokhi,/loxi/,noun,evening,
n_exam,diemek,/dje.mek/,noun,exam,
n_excited,khuala,/xwala/,noun,excited,
n_exterior,buk,/buk/,noun,exterior,
n_face,ngibe,/ŋibe/,,,
n_fame,muokup,/mwokup/,noun,fame,
n_fan,biegiuwing,/bjeɡjuwiŋ/,noun,fan,
n_farm,desing,/desiŋ/,noun,farm,
n_february,ratua,/ɾatwa/,noun,february,
n_feeling,ngopuo,/ŋopwo/,noun,feeling,
n_finger,hekomui,/hekomwi/,noun,finger,
n_fire,yu,/ju/,noun,fire,
n_fish,wu,/wu/,noun,fish,
n_fish_meat,wudu,/wudu/,noun,fish meat,
n_floor,totie,/totje/,noun,floor,
n_flower,khias,/xjas/,noun,flower,
n_food,engtsik,/eŋt͡sik/,noun,food,
n_foot,ro,/ɾo/,noun,foot,
n_foot(measure),pa,/pa/,noun,foot(measure),
n_forest,yi,/ji/,noun,forest,
n_friday,tsimsiu,/t͡simsju/,noun,friday,
n_friend,nope,/nope/,noun,friend,
n_front,gal,/ɡal/,noun,front,
n_fruit,swuri,/swuɾi/,,,
n_fruit0,khonggo,/xoŋo/,noun,fruit0,
n_fruit1,niugwu,/njuɡwu/,noun,fruit1,
n_fruit2,hema,/hema/,noun,fruit2,
n_fruit3,tsui,/t͡swi/,noun,fruit3,
n_fruit4,sugio,/suɡjo/,noun,fruit4,
n_fruit5,hil,/hil/,noun,fruit5,
n_fruit6,nugio,/nuɡjo/,noun,fruit6,
n_fruit7,kyinyi,/kjinji/,noun,fruit7,
n_germany,dotslang,/dot͡slaŋ/,noun,germany,
n_glass,ngokho,/ŋoxo/,noun,glass,
n_glasses,kokhengwu,/koxeŋwu/,noun,glasses,
n_gold,miedi,/mjedi/,noun,gold,
n_grass,dianem,/djanem/,noun,grass,
n_ground,tietsue,/tjet͡swe/,noun,ground,
n_guitar,gita,/ɡita/,,,
n_hair,kuguok,/kuɡwok/,noun,hair,
n_half,tueng,/tweŋ/,noun,half,
n_hand,he,/he/,noun,hand,
n_happy,topi,/topi/,noun,happy,
n_hat,nontsuongsua,/nont͡swoŋswa/,noun,hat,
n_head,sat,/sat/,noun,head,
n_health,tyine,/tjine/,noun,health,
n_heat,tsop,/t͡sop/,noun,heat,
n_height,de,/de/,noun,height,
n_heptagon,nultsin,/nult͡sin/,noun,heptagon,
n_hexagon,sumtsin,/sumt͡sin/,noun,hexagon,
n_hill,si,/si/,noun,hill,
n_hole,taki,/taki/,noun,hole,
n_home,ngatsak,/ŋat͡sak/,noun,home,
n_horse,sel,/sel/,noun,horse,
n_hospital,luhuolo,/luhwolo/,noun,hospital,
n_hotel,buisyi,/bwisji/,noun,hotel,
n_house,kali,/kali/,noun,house,
n_ice,pui,/pwi/,noun,ice,
n_image,pikhial,/pixjal/,noun,image,
n_inch,muin,/mwin/,noun,inch,
n_ingredient0,tsonggang,/t͡soŋaŋ/,noun,ingredient0,
n_ingredient1,nguinyo,/ŋwinjo/,noun,ingredient1,
n_ingredient2,swune,/swune/,noun,ingredient2,
n_ingredient3,piunbete,/pjunbete/,noun,ingredient3,
n_ingredient4,munggol,/muŋol/,noun,ingredient4,
n_ingredient5,gekhioniu,/ɡexjonju/,noun,ingredient5,
n_ingredient6,dunngwu,/dunŋwu/,noun,ingredient6,
n_ingredient7,nuiko,/nwiko/,noun,ingredient7,
n_injury,wotgo,/wotɡo/,noun,injury,
n_inside,lengtui,/leŋtwi/,noun,inside,
n_interior,lus,/lus/,noun,interior,
n_island,du,/du/,noun,island,
n_item,bessi,/beshi/,noun,item,
n_jacket,ngidui,/ŋidwi/,noun,jacket,
n_january,metua,/metwa/,noun,january,
n_japan,ngihon,/ŋihon/,noun,japan,
n_joint,yunwu,/junwu/,noun,joint,
n_july,nultua,/nultwa/,noun,july,
n_june,sumtua,/sumtwa/,noun,june,
n_keyboard,wewagak,/wewaɡak/,noun,keyboard,
n_kilogram,re,/ɾe/,noun,kilogram,
n_knee,hueyunwu,/hwejunwu/,noun,knee,
n_knife,kal,/kal/,noun,knife,
n_korea,hangguk,/haŋuk/,noun,korea,
n_lake,hot,/hot/,noun,lake,
n_lamp,kumtio,/kumtjo/,noun,lamp,
n_laptop,kuakhoke,/kwaxoke/,noun,laptop,
n_law,teye,/teje/,noun,law,
n_lawyer,teyetui,/tejetwi/,noun,lawyer,
n_leaf,buip,/bwip/,noun,leaf,
n_left,tsepyi,/t͡sepji/,noun,left,
n_leg,hue,/hwe/,noun,leg,
n_legume0,yomuo,/jomwo/,noun,legume0,
n_legume1,khuetsi,/xwet͡si/,noun,legume1,
n_legume2,guetmi,/ɡwetmi/,noun,legume2,
n_legume3,nunes,/nunes/,noun,legume3,
n_legume4,nokmwupo,/nokmwupo/,noun,legume4,
n_legume5,sobemin,/sobemin/,noun,legume5,
n_legume6,hekokhen,/hekoxen/,noun,legume6,
n_legume7,nguingge,/ŋwiŋe/,noun,legume7,
n_library,tuotu,/twotu/,noun,library,
n_light,syipa,/sjipa/,noun,light,
n_line,tam,/tam/,noun,line,
n_lion,dyimie,/djimje/,noun,lion,
n_location,pakuon,/pakwon/,noun,location,
n_makeup,kiari,/kjaɾi/,noun,makeup,
n_manager,tumkhellotui,/tumxelhotwi/,noun,manager,
n_managing,tumkhello,/tumxelho/,noun,managing,
n_mango,no,/no/,noun,mango,
n_march,haptua,/haptwa/,noun,march,
n_market,ponkhanhel,/ponxanhel/,noun,market,
n_material,nuikiu,/nwikju/,noun,material,
n_may,tsimtua,/t͡simtwa/,noun,may,
n_meaning,gin,/ɡin/,noun,meaning,
n_meat,du,/du/,noun,meat,
n_medicine,ringniokuis,/ɾiŋnjokwis/,noun,medicine,
n_metal,nang,/naŋ/,noun,metal,
n_metre,bui,/bwi/,noun,metre,
n_midnight,kiosngonsose,/kjosŋonsose/,noun,midnight,
n_miliary,piusiha,/pjusiha/,noun,miliary,
n_millennium,tsipngit,/t͡sipŋit/,noun,millennium,
n_monday,mesiu,/mesju/,noun,monday,
n_month,tua,/twa/,noun,month,
n_moon,donggu,/doŋu/,noun,moon,
n_moped,kiutu,/kjutu/,noun,moped,
n_morning,niopgu,/njopɡu/,noun,morning,
n_motorcycle,dusayu,/dusaju/,noun,motorcycle,
n_mountain,khies,/xjes/,noun,mountain,
n_mouse,yogkuhio,/joquhjo/,noun,mouse,
n_nature,yihiu,/jihju/,noun,nature,
n_nearby,mel,/mel/,noun,nearby,
n_necessity,khiyo,/xijo/,noun,necessity,
n_neck,satiunwu,/satjunwu/,noun,neck,
n_neighbourhood,nguiha,/ŋwiha/,noun,neighbourhood,
n_nervous,mihui,/mihwi/,noun,nervous,
n_network,biosia,/bjosja/,noun,network,
n_nighttime,sose,/sose/,noun,nighttime,
n_noise,tsoknuo,/t͡soknwo/,noun,noise,
n_noodle,die,/dje/,noun,noodle,
n_noon,kiosngontowa,/kjosŋontowa/,noun,noon,
n_north,tuo,/two/,noun,north,
n_november,mewittua,/mewittwa/,noun,november,
n_null,ko,/ko/,noun,(null/dummy nominal),
n_number,huo,/hwo/,noun,number,
n_numeral,gugku,/ɡuqu/,noun,numeral,
n_nurse,buasmo,/bwasmo/,noun,nurse,
n_obligation,kiure,/kjuɾe/,noun,obligation,
n_occupation,khangwi,/xaŋwi/,noun,occupation,
n_occupation0,ritsatui,/ɾit͡satwi/,noun,occupation0,
n_occupation1,khuilotui,/xwilotwi/,noun,occupation1,
n_occupation2,piawitui,/pjawitwi/,noun,occupation2,
n_occupation3,todiomtui,/todjomtwi/,noun,occupation3,
n_occupation4,hiaptiptui,/hjaptiptwi/,noun,occupation4,
n_occupation5,nokyitui,/nokjitwi/,noun,occupation5,
n_occupation6,khakitui,/xakitwi/,noun,occupation6,
n_occupation7,yikhwuttui,/jixwuttwi/,noun,occupation7,
n_occupational_task0,ritsa,/ɾit͡sa/,noun,occupational task0,
n_occupational_task1,khuilo,/xwilo/,noun,occupational task1,
n_occupational_task2,piawi,/pjawi/,noun,occupational task2,
n_occupational_task3,todiom,/todjom/,noun,occupational task3,
n_occupational_task4,hiaptip,/hjaptip/,noun,occupational task4,
n_occupational_task5,nokyi,/nokji/,noun,occupational task5,
n_occupational_task6,khaki,/xaki/,noun,occupational task6,
n_occupational_task7,yikhwut,/jixwut/,noun,occupational task7,
n_ocean,nionus,/njonus/,noun,ocean,
n_octagon,ngattsin,/ŋatt͡sin/,noun,octagon,
n_october,wittua,/wittwa/,noun,october,
n_office,khakhungwo,/xaxuŋwo/,noun,office,
n_organization,tsusawa,/t͡susawa/,noun,organization,
n_outer_space,wikhu,/wixu/,noun,outer space,
n_outside,mipyi,/mipji/,noun,outside,
n_pain,tsuotsan,/t͡swot͡san/,noun,pain,
n_panty,tere,/teɾe/,noun,panty,
n_paper,pioga,/pjoɡa/,noun,paper,
n_park,khuoba,/xwoba/,noun,park,
n_part,gieptiu,/ɡjeptju/,noun,part,
n_pattern,polnua,/polnwa/,noun,pattern,
n_pearl,otmo,/otmo/,noun,pearl,
n_pen,niuhia,/njuhja/,noun,pen,
n_pencil,hangswul,/haŋswul/,noun,pencil,
n_pentagon,tsimtsin,/t͡simt͡sin/,noun,pentagon,
n_permission,tuilbiam,/twilbjam/,noun,permission,
n_person,tui,/twi/,noun,person,
n_piano,piano,/pjano/,,,
n_piece,sadue,/sa.dwe/,noun,piece,
n_pig,pires,/piɾes/,noun,pig,
n_plane,tse,/t͡se/,noun,plane,
n_planet,khe,/xe/,noun,planet,
n_plant,hukhue,/hu.xwe/,noun,plant,
n_plastic,yatop,/jatop/,noun,plastic,
n_pocket,tswuli,/t͡swuli/,noun,pocket,
n_point,kia,/kja/,noun,point,
n_police_officer,khwunduitui,/xwundwitwi/,noun,police officer,
n_policing,khwundui,/xwundwi/,noun,policing,
n_pork,piresdu,/piɾesdu/,noun,pork,
n_potential,khedu,/xedu/,noun,potential,
n_pound,ti,/ti/,noun,pound,
n_protein0,tudu,/tudu/,noun,protein0,
n_protein1,khedu,/xedu/,noun,protein1,
n_protein2,ngikyidu,/ŋikjidu/,noun,protein2,
n_protein3,gkodu,/qodu/,noun,protein3,
n_protein4,nuidu,/nwidu/,noun,protein4,
n_protein5,gedu,/ɡedu/,noun,protein5,
n_protein6,dedu,/dedu/,noun,protein6,
n_protein7,khyitwudu,/xjitwudu/,noun,protein7,
n_question,yektsam,/jekt͡sam/,noun,question,
n_radio,monkibuk,/monkibuk/,noun,radio,
n_rain,ge,/ɡe/,noun,rain,
n_rainbow,gesyip,/ɡesjip/,noun,rainbow,
n_recently,ngingwi,/ŋiŋwi/,,recently,
n_receptionist,tsusawatui,/t͡susawatwi/,noun,receptionist,
n_recommendation,toppwu,/tophwu/,noun,recommendation,
n_rectangle,moltsin,/molt͡sin/,noun,rectangle,
n_region,khabie,/xabje/,noun,region,
n_reporter,lenutui,/lenutwi/,noun,reporter,
n_reporting,lenu,/lenu/,noun,reporting,
n_restaurant,pukhia,/puxja/,noun,restaurant,
n_rice,me,/me/,noun,rice,
n_right,nihik,/nihik/,noun,right,
n_river,pakia,/pakja/,noun,river,
n_road,bui,/bwi/,noun,road,
n_room,gko,/qo/,noun,room,
n_root,rete,/ɾete/,noun,root,
n_sad,giakhyi,/ɡjaxji/,noun,sad,
n_safety,puohie,/pwohje/,noun,safety,
n_sailboat,sitki,/sitki/,noun,sailboat,
n_sand,tsatsa,/t͡sat͡sa/,noun,sand,
n_saturday,sumsiu,/sumsju/,noun,saturday,
n_school,nyihenuo,/njihenwo/,noun,school,
n_screen,tsungmiopep,/t͡suŋmjopep/,noun,screen,
n_sea,gip,/ɡip/,noun,sea,
n_seed,gosi,/ɡosi/,noun,seed,
n_semelfactive,soha,/soha/,noun,semelfactive,
n_september,bestua,/bestwa/,noun,september,
n_shape,hie,/hje/,noun,shape,
n_ship,kop,/kop/,noun,ship,
n_shirt,nguotuowe,/ŋwotwowe/,noun,shirt,
n_shoes,tobita,/tobita/,noun,shoes,
n_shop,kopi,/kopi/,noun,shop,
n_shorts,hogate,/hoɡate/,noun,shorts,
n_side,tsin,/t͡sin/,noun,side,
n_silver,lipdu,/lipdu/,noun,silver,
n_skirt,binguohe,/biŋwohe/,noun,skirt,
n_sky,lukho,/luxo/,noun,sky,
n_sleepy,ngomo,/ŋomo/,,,
n_snow,dekho,/dexo/,noun,snow,
n_soil,go,/ɡo/,noun,soil,
n_soldier,piusihatui,/pjusihatwi/,noun,soldier,
n_sound,lappyi,/laphji/,noun,sound,
n_south,tia,/tja/,noun,south,
n_space,tio,/tjo/,noun,space,
n_speech,tsek,/t͡sek/,noun,speech,
n_spot,nge,/ŋe/,noun,spot,
n_square,ni,/ni/,noun,square,
n_star,wus,/wus/,noun,star,
n_start,tsitsak,/t͡sit͡sak/,,,
n_state,ngakhan,/ŋaxan/,noun,state,
n_station,nguikyi,/ŋwikji/,noun,station,
n_sticker,muebyitseng,/mwebjit͡seŋ/,noun,sticker,
n_stone,hobe,/hobe/,noun,stone,
n_stop,ho,/ho/,noun,stop,
n_straight,tego,/teɡo/,noun,straight,
n_street,lot,/lot/,noun,street,
n_student,khulitui,/xulitwi/,noun,student,
n_studying,khuli,/xuli/,noun,studying,
n_subway,tesdo,/tesdo/,noun,subway,
n_suit,bobiu,/bobju/,noun,suit,
n_sun,khin,/xin/,noun,sun,
n_sunday,nulsiu,/nulsju/,noun,sunday,
n_surrounding,bik,/bik/,noun,surrounding,
n_t-shirt,kanlokha,/kanloxa/,noun,t-shirt,
n_table,konyang,/konjaŋ/,noun,table,
n_tea,tsa,/t͡sa/,noun,tea,
n_teacher,kuissilotui,/kwishilotwi/,noun,teacher,
n_teaching,kuissilo,/kwishilo/,noun,teaching,
n_television,pwunungguol,/pwunuŋwol/,noun,television,
n_temperature,huo,/hwo/,noun,temperature,
n_thankful,khiague,/xjaɡwe/,noun,thankful,
n_theater,kiemkhie,/kjemxje/,noun,theater,
n_thesedays,kulyi,/kulji/,,,
n_thought,bip,/bip/,noun,thought,
n_thursday,molsiu,/molsju/,noun,thursday,
n_ticket,to,/to/,noun,ticket,
n_time,dotngua,/dotŋwa/,noun,time,
n_toast,tosto,/tosto/,noun,toast,
n_today,tiakbal,/tjakbal/,noun,today,
n_toe,rokomui,/ɾokomwi/,noun,toe,
n_town,wa,/wa/,noun,town,
n_townhouse,tsare,/t͡saɾe/,noun,townhouse,
n_trackpad,sietiu,/sjetju/,noun,trackpad,
n_train,gkorukpe,/qoɾukpe/,noun,train,
n_tram,khakhut,/xaxut/,noun,tram,
n_transportation,miewa,/mjewa/,noun,transportation,
n_tree,pium,/pjum/,noun,tree,
n_triangle,haptsin,/hapt͡sin/,noun,triangle,
n_trousers,nenhigwu,/nenhiɡwu/,noun,trousers,
n_tuesday,rasiu,/ɾasju/,noun,tuesday,
n_underwear,nuolsiude,/nwolsjude/,noun,underwear,
n_university,wukigis,/wukiɡis/,noun,university,
n_up,hop,/hop/,noun,up,
n_valley,bingya,/biŋja/,noun,valley,
n_vegetable0,songwo,/soŋwo/,noun,vegetable0,
n_vegetable1,sotsari,/sot͡saɾi/,noun,vegetable1,
n_vegetable2,hahiere,/hahjeɾe/,noun,vegetable2,
n_vegetable3,byimwu,/bjimwu/,noun,vegetable3,
n_vegetable4,wobomkhop,/wobomxop/,noun,vegetable4,
n_vegetable5,ngepyim,/ŋepjim/,noun,vegetable5,
n_vegetable6,sowotuep,/sowotwep/,noun,vegetable6,
n_vegetable7,torokmia,/toɾokmja/,noun,vegetable7,
n_vietnam,bietnam,/bjetnam/,noun,vietnam,
n_waist,wapkuo,/wapkwo/,noun,waist,
n_waiter,kekhokka,/kexokha/,noun,waiter,
n_walking,like,/like/,noun,walking,
n_wall,kiga,/kiɡa/,noun,wall,
n_wave,ri,/ɾi/,noun,wave,
n_way,yi,/ji/,noun,way,
n_weather,dyitual,/djitwal/,noun,weather,
n_wednesday,hapsiu,/hapsju/,noun,wednesday,
n_weight,nuam,/nwam/,noun,weight,
n_west,tia,/tja/,noun,west,
n_whale,tlungro,/tluŋɾo/,noun,whale,
n_whole,ku,/ku/,noun,whole,
n_wind,de,/de/,noun,wind,
n_wolf,lome,/lome/,noun,wolf,
n_wood,kuro,/kuɾo/,noun,wood,
n_world,duohyi,/dwohji/,noun,world,
n_worry,nagui,/naɡwi/,noun,worry,
n_wrist,heyunwu,/hejunwu/,noun,wrist,
n_writer,tuapbupngestui,/twapbupŋestwi/,noun,writer,
n_writing,tuapbupnges,/twapbupŋes/,noun,writing,
n_year,ngit,/ŋit/,noun,year,
no,dus,/dus/,negation,no,
p_acc,ka,/ka/,case marker,accusative,
p_adv,ni,/ni/,particle,adverbializer,
p_also,ki,/ki/,semantic particle,"also, too",
p_but,de,/de/,conjunction,but,
p_cause,do,/do/,conjunction,because,
p_cond,ma,/ma/,conjunction,if,
p_conj,ya,/ja/,conjunction,and,
p_dat,si,/si/,case marker,dative,
p_disj,tsi,/t͡si/,conjunction,or,
p_gen,tu,/tu/,case marker,genitive,
p_ins,yi,/ji/,case marker,instrumental,
p_loc,bi,/bi/,case marker,locative,
p_neg1,ha,/ha/,negation,not (negation),
p_neg2,hen,/hen/,negation,not (negation),
p_nom,de,/de/,case marker,nominative,
p_only,tul,/tul/,semantic particle,only,
p_top,ngom,/ŋom/,case marker,topic,
p_with,kat,/kat/,semantic particle,with,
q_class,to,/to/,classifier,classifier,
qu_how,gi,/ɡi/,interrogative,how,
qu_what,pi,/pi/,interrogative,what,
qu_when,mu,/mu/,interrogative,when,
qu_where,ni,/ni/,interrogative,where,
qu_which,hi,/hi/,interrogative,which,
qu_who,bu,/bu/,interrogative,who,
qu_why,pu,/pu/,interrogative,why,
t_fut,ne,/ne/,tense marker,future,
t_inf,lo,/lo/,tense marker,infinitive,
t_prs,wu,/wu/,tense marker,present,
t_pst,na,/na/,tense marker,past,
v_become,khe,/xe/,verb,become,
v_bring,yakno,/jakno/,verb,bring,
v_buy,mun,/mun/,verb,buy,
v_cause,nge,/ŋe/,verb,cause,
v_come,tsa,/t͡sa/,verb,come,
v_cop,ya,/ja/,predicate,be (copula),
v_do,sa,/sa/,verb,do,
v_drink,tukhi,/tuxi/,verb,drink,
v_eat,hiu,/hju/,verb,eat,
v_exist,ga,/ɡa/,predicate,"exist, there is",
v_getup,metsis,/met͡sis/,,,
v_give,men,/men/,verb,give,
v_go,yu,/ju/,verb,go,
v_have,tiung,/tjuŋ/,verb,have,
v_know,ngol,/ŋol/,,,
v_nothave,pie,/pje/,verb,not have,
v_read,wo,/wo/,verb,read,
v_receive,tsu,/t͡su/,verb,receive,
v_ride,mie,/mje/,verb,ride,
v_see,die,/dje/,verb,see,
v_sell,hel,/hel/,verb,sell,
v_sit,gu,/ɡu/,verb,sit,
v_sleep,ki,/ki/,verb,sleep,
v_spread,muenwa,/mwenwa/,verb,spread,
v_trim,dal,/dal/,verb,trim,
v_use,tse,/t͡se/,verb,use,
yes,tsi,/t͡si/,particle,yes,
